vendor,name,version,formats,category,url
2Rule,2RuleSynthV-3-1,3.2.0,VST3,"Instrument, Synth",https://akyuz5.wixsite.com/mysite
2Rule,TugGlicento,3.0,VST3,Fx,www.yourcompany.com
2Rule,TugImgSynth,1.2.0,VST3,"Instrument, Synth",https://akyuz5.wixsite.com/mysite
2Rule,TugMidiSeq,2.3.0,VST3,"Instrument, Synth",https://akyuz5.wixsite.com/mysite
2Rule,TugMultiEffect,1.0.0,VST3,Fx,https://akyuz5.wixsite.com/mysite
2Rule,TugPhonon,1.3.0,VST3,Fx,https://akyuz5.wixsite.com/mysite
2Rule,TugSpect,1.0.4.2,VST3,Fx,https://akyuz5.wixsite.com/mysite
Aberrant DSP,Cataclysm,1.0,VST3,"Fx, Distortion",aberrantdsp.com
Aberrant DSP,Lofi Oddity,1.0,VST3,Fx,aberrantdsp.com
AIR Music Technology,AIR Multiband Filterbank,1.0.0.37,VST2/VST3,Fx,www.inmusicbrands.com
AIR Music Technology,AIR Tape Double Track,1.0.0.25,VST2/VST3,Fx,akaipro.com
Airwindows,Airwindows Consolidated,1.2025.63,VST3,Fx,https://airwindows.com/
AnalogObsession,Chopa,3.0.0,VST2/VST3,Fx,http://www.analogobsession.com/
AnalogObsession,DrGate,1.0.0,VST3,"Fx, Dynamics",http://www.analogobsession.com/
AnalogObsession,RazorClip,1.0.0,VST3,"Fx, Distortion",http://www.analogobsession.com/
AnalogObsession,ReLife,2.0.0,VST3,"Fx, Distortion",http://www.analogobsession.com/
Applied Acoustics Systems,Lounge Lizard Session 4,4,VST2/VST3,Instrument,www.applied-acoustics.com
Applied Acoustics Systems,Strum Session 2,2,VST2/VST3,Instrument,www.applied-acoustics.com
Applied Acoustics Systems,Ultra Analog Session 2,2,VST2/VST3,Instrument,www.applied-acoustics.com
Arturia,Acid V,1.1.5.6367,VST2/VST3,"Instrument, Synth",http://www.arturia.com
Arturia,Analog Lab V,5.12.4.6686,VST2/VST3,"Instrument, Synth",http://www.arturia.com
Arturia,ARP 2600 V3,3.13.4.6366,VST2/VST3,"Instrument, Synth",http://www.arturia.com
Arturia,Augmented BRASS,2.0.2.6369,VST2/VST3,"Instrument, Synth",http://www.arturia.com
Arturia,Augmented GRAND PIANO,2.0.2.6369,VST2/VST3,"Instrument, Synth",http://www.arturia.com
Arturia,Augmented MALLETS,2.0.2.6369,VST2/VST3,"Instrument, Synth",http://www.arturia.com
Arturia,Augmented PERSIA,2.0.2.192,VST2/VST3,"Instrument, Synth",http://www.arturia.com
Arturia,Augmented STRINGS,2.0.2.6369,VST2/VST3,"Instrument, Synth",http://www.arturia.com
Arturia,Augmented VOICES,2.0.2.6369,VST2/VST3,"Instrument, Synth",http://www.arturia.com
Arturia,Augmented WOODWINDS,2.0.2.6369,VST2/VST3,"Instrument, Synth",http://www.arturia.com
Arturia,Augmented YANGTZE,2.0.2.6369,VST2/VST3,"Instrument, Synth",http://www.arturia.com
Arturia,B-3 V2,2.9.5.6366,VST2/VST3,"Instrument, Synth",http://www.arturia.com
Arturia,Buchla Easel V,1.13.4.6366,VST2/VST3,"Instrument, Synth",http://www.arturia.com
Arturia,Bus EXCITER-104,1.0.1.6566,VST2/VST3,"Fx, Distortion",http://www.arturia.com
Arturia,Bus FORCE,1.4.1.6566,VST2/VST3,"Fx, Mastering",http://www.arturia.com
Arturia,Bus PEAK,1.0.1.6566,VST2/VST3,"Fx, Dynamics",http://www.arturia.com
Arturia,Bus TRANSIENT,1.0.1.6566,VST2/VST3,"Fx, Tools",http://www.arturia.com
Arturia,Chorus DIMENSION-D,1.5.1.6566,VST2/VST3,"Fx, Modulation",http://www.arturia.com
Arturia,Chorus JUN-6,1.5.1.6566,VST2/VST3,"Fx, Modulation",http://www.arturia.com
Arturia,Clavinet V,1.13.4.6366,VST2/VST3,"Instrument, Synth",http://www.arturia.com
Arturia,CMI V,1.13.4.6366,VST2/VST3,"Instrument, Synth",http://www.arturia.com
Arturia,Comp DIODE-609,1.4.1.6566,VST2/VST3,"Fx, Dynamics",http://www.arturia.com
Arturia,Comp FET-76,1.7.1.6566,VST2/VST3,"Fx, Dynamics",http://www.arturia.com
Arturia,Comp TUBE-STA,1.7.1.6566,VST2/VST3,"Fx, Dynamics",http://www.arturia.com
Arturia,Comp VCA-65,1.7.1.6566,VST2/VST3,"Fx, Dynamics",http://www.arturia.com
Arturia,CP-70 V,1.0.5.6366,VST2/VST3,"Instrument, Synth",http://www.arturia.com
Arturia,CS-80 V4,4.3.4.6366,VST2/VST3,"Instrument, Synth",http://www.arturia.com
Arturia,CZ V,1.9.4.6366,VST2/VST3,"Instrument, Synth",http://www.arturia.com
Arturia,Delay BRIGADE,1.7.1.6566,VST2/VST3,"Fx, Delay",http://www.arturia.com
Arturia,Delay ETERNITY,1.7.1.6566,VST2/VST3,"Fx, Delay",http://www.arturia.com
Arturia,Delay TAPE-201,1.7.1.6566,VST2/VST3,"Fx, Delay",http://www.arturia.com
Arturia,Dist COLDFIRE,1.2.1.6566,VST2/VST3,"Fx, Distortion",http://www.arturia.com
Arturia,Dist OPAMP-21,1.2.1.6566,VST2/VST3,"Fx, Distortion",http://www.arturia.com
Arturia,Dist TUBE-CULTURE,1.2.1.6566,VST2/VST3,"Fx, Distortion",http://www.arturia.com
Arturia,DX7 V,1.13.4.6366,VST2/VST3,"Instrument, Synth",http://www.arturia.com
Arturia,Efx AMBIENT,1.0.0.6577,VST2/VST3,"Fx, Reverb",http://www.arturia.com
Arturia,Efx FRAGMENTS,1.3.1.6566,VST2/VST3,"Fx, Tools",http://www.arturia.com
Arturia,Efx MOTIONS,1.1.1.6566,VST2/VST3,"Fx, Tools",http://www.arturia.com
Arturia,Efx REFRACT,1.1.1.6566,VST2/VST3,"Fx, Modulation",http://www.arturia.com
Arturia,Emulator II V,1.6.4.6366,VST3,"Instrument, Synth",http://www.arturia.com
Arturia,EQ SITRAL-295,1.4.1.6566,VST2/VST3,"Fx, EQ",http://www.arturia.com
Arturia,Farfisa V,1.13.4.6366,VST3,"Instrument, Synth",http://www.arturia.com
Arturia,Filter M12,1.8.1.6566,VST2/VST3,"Fx, Filter",http://www.arturia.com
Arturia,Filter MINI,1.9.1.6566,VST2/VST3,"Fx, Filter",http://www.arturia.com
Arturia,Filter MS-20,1.2.1.6566,VST2/VST3,"Fx, Filter",http://www.arturia.com
Arturia,Filter SEM,1.8.1.6566,VST2/VST3,"Fx, Filter",http://www.arturia.com
Arturia,Flanger BL-20,1.5.1.6566,VST2/VST3,"Fx, Modulation",http://www.arturia.com
Arturia,Jun-6 V,1.6.6.6366,VST2/VST3,"Instrument, Synth",http://www.arturia.com
Arturia,Jup-8 V4,4.6.4.6366,VST2/VST3,"Instrument, Synth",http://www.arturia.com
Arturia,Jup-8000 V,1.0.1.6366,VST2/VST3,"Instrument, Synth",http://www.arturia.com
Arturia,KORG MS-20 V,1.3.4.6366,VST2/VST3,"Instrument, Synth",http://www.arturia.com
Arturia,Matrix-12 V2,2.13.4.6366,VST2/VST3,"Instrument, Synth",http://www.arturia.com
Arturia,Mellotron V,1.9.5.6366,VST2/VST3,"Instrument, Synth",http://www.arturia.com
Arturia,Memory V,1.0.0.8646,VST2/VST3,"Instrument, Synth",http://www.arturia.com
Arturia,Mini V3,3.12.0.3422,VST2/VST3,"Instrument, Synth",http://www.arturia.com
Arturia,Mini V4,4.0.4.6366,VST2/VST3,"Instrument, Synth",http://www.arturia.com
Arturia,MiniBrute V,1.0.6.6366,VST2/VST3,"Instrument, Synth",http://www.arturia.com
Arturia,MiniFreak V,4.0.2.6369,VST2/VST3,"Instrument, Synth",https://www.arturia.com
Arturia,Mix DRUMS,1.0.1.6566,VST2/VST3,"Fx, Tools",http://www.arturia.com
Arturia,Modular V3,3.13.4.6366,VST2/VST3,"Instrument, Synth",http://www.arturia.com
Arturia,OP-Xa V,1.7.4.6366,VST2/VST3,"Instrument, Synth",http://www.arturia.com
Arturia,Phaser BI-TRON,1.5.1.6566,VST2/VST3,"Fx, Modulation",http://www.arturia.com
Arturia,Piano V3,3.3.4.6366,VST2/VST3,"Instrument, Synth",http://www.arturia.com
Arturia,Pigments,7.0.0.6447,VST2/VST3,"Instrument, Synth",http://www.arturia.com
Arturia,Pitch SHIFTER-910,1.0.0.6566,VST2/VST3,"Fx, Tools",http://www.arturia.com
Arturia,Pre 1973,1.9.1.6566,VST2/VST3,"Fx, EQ",http://www.arturia.com
Arturia,Pre TridA,1.8.1.6566,VST2/VST3,"Fx, EQ",http://www.arturia.com
Arturia,Pre V76,1.8.1.6566,VST2/VST3,"Fx, EQ",http://www.arturia.com
Arturia,Prophet-5 V,1.3.5.6366,VST2/VST3,"Instrument, Synth",http://www.arturia.com
Arturia,Prophet-VS V,1.3.4.6366,VST2/VST3,"Instrument, Synth",http://www.arturia.com
Arturia,Pure LoFi,1.0.1.6372,VST2/VST3,"Instrument, Synth",http://www.arturia.com
Arturia,Rev INTENSITY,1.6.1.6566,VST2/VST3,"Fx, Reverb",http://www.arturia.com
Arturia,Rev LX-24,1.2.1.6567,VST2/VST3,"Fx, Reverb",http://www.arturia.com
Arturia,Rev OCEAN,1.0.0.5848,VST2/VST3,"Fx, Reverb",http://www.arturia.com
Arturia,Rev PLATE-140,1.7.1.6566,VST2/VST3,"Fx, Reverb",http://www.arturia.com
Arturia,Rev SPRING-636,1.6.1.6566,VST2/VST3,"Fx, Reverb",http://www.arturia.com
Arturia,Rotary CLS-222,1.2.1.6566,VST2/VST3,"Fx, Modulation",http://www.arturia.com
Arturia,SEM V2,2.13.2.5305,VST2/VST3,"Instrument, Synth",http://www.arturia.com
Arturia,SEM V3,3.0.1.6366,VST2/VST3,"Instrument, Synth",http://www.arturia.com
Arturia,Solina V2,2.13.4.6366,VST2/VST3,"Instrument, Synth",http://www.arturia.com
Arturia,SQ80 V,1.6.5.6366,VST2/VST3,"Instrument, Synth",http://www.arturia.com
Arturia,Stage-73 V2,2.6.5.6366,VST2/VST3,"Instrument, Synth",http://www.arturia.com
Arturia,Synclavier V,2.13.4.6366,VST2/VST3,"Instrument, Synth",http://www.arturia.com
Arturia,Synthi V,1.9.4.6366,VST2/VST3,"Instrument, Synth",http://www.arturia.com
Arturia,Synthx V,1.0.7.6366,VST2/VST3,"Instrument, Synth",http://www.arturia.com
Arturia,Tape J-37,1.1.0.6566,VST2/VST3,"Fx, Tools",http://www.arturia.com
Arturia,Tape MELLO-FI,1.4.1.6566,VST2/VST3,"Fx, Distortion",http://www.arturia.com
Arturia,Vocoder V,1.6.5.6366,VST2/VST3,"Instrument, Synth",http://www.arturia.com
Arturia,VOX Continental V2,2.13.4.6366,VST2/VST3,"Instrument, Synth",http://www.arturia.com
Arturia,Wurli V2,2.12.0.3420,VST3,"Instrument, Synth",http://www.arturia.com
Arturia,Wurli V3,3.0.4.6366,VST2/VST3,"Instrument, Synth",http://www.arturia.com
"Audio Damage, Inc.",ShinRonin,1.0.0,VST3,Fx,http://www.audiodamage.com
Audiomodern,Filterstep,1.1.3,VST2/VST3,"Fx, Filter, Generator, Modulation, Tools",https://www.audiomodern.com
Audiomodern,Gatelab,1.1.3,VST2/VST3,Fx,https://www.audiomodern.com
Audiomodern,Panflow,1.0.1,VST2/VST3,Fx,https://www.audiomodern.com
Audiomodern,Soundbox,1.0.7,VST3,"Instrument, Instrument Synth",https://www.audiomodern.com
AudioThing,Fog Convolver 2,2.3.0,VST3,"Fx, Reverb",https://www.audiothing.net
AudioThing,Moon Echo,1.0.0,VST3,"Fx, Delay, Reverb",https://www.audiothing.net
AudioThing,Octaves,1.0.0,VST3,"Fx, Filter",https://www.audiothing.net
AudioThing,Reels,1.5.4,VST3,"Fx, Delay, Distortion",https://audiothing.net
AudioThing,Speakers,1.3.3,VST3,"Fx, Distortion, EQ, Mastering",https://www.audiothing.net
AudioThing,Springs,1.3.5,VST3,"Fx, EQ, Reverb",https://www.audiothing.net
BABY Audio,Beat Slammer,1.2,VST2/VST3,Fx,
BABY Audio,Comeback Kid,1.5,VST2/VST3,Fx,
BABY Audio,Magic Dice,1.1,VST2/VST3,Fx,
BABY Audio,Magic Switch,1.1,VST2/VST3,Fx,
BABY Audio,Pitch Drift,1.1,VST2/VST3,Fx,
BABY Audio,Super VHS,1.6,VST2/VST3,Fx,
BABY Audio,Tekno,1.1,VST2/VST3,"Instrument, Synth",
BABY Audio,Warp,1.0,VST2/VST3,Fx,www.babyaud.io
Crow Hill,Vaults,1.0.6,VST2/VST3,"Instrument, Synth",www.thecrowhillcompany.com
Cymatics,Cymatics Deja Vu,1.0.0,VST3,"Fx, Pitch Shift",https://cymatics.fm
Cymatics,Cymatics Memory,1.0.0,VST3,"Fx, Pitch Shift",https://cymatics.fm
Cymatics,Cymatics Origin,1.0.0,VST2/VST3,Fx,
Dawesome,Sol,1.0,VST3,"Fx, Distortion, Generator, Reverb",https://www.dawesomemusic.com
Decidedly,DecentSampler,1.12.6,VST2/VST3,"Instrument, Synth",http://decided.ly
Eventide,Temperance Lite,1.0.8,VST3,"Fx, Reverb",www.eventideaudio.com
every something,artikulation,2.0.7,VST3,"Fx, Modulation",https://plugins.every-something.com
every something,glosso,2.0.7,VST3,"Instrument, Synth",https://plugins.every-something.com
Excite Audio,Bloom Mura Masa,1.0.0,VST2/VST3,"Instrument, Synth",
FKFX Audio,FKFX Nanomix,1.0.6,VST2/VST3,"Fx, Dynamics, Modulation, Tools",https://www.fkfxaudio.com
Fors,Junior-Lite,1.0,VST3,"Instrument, Synth",
Fors,Pivot-Lite,1.22,VST3,"Instrument, Synth",
Full Bucket Music,Bucket ONE,1.1.2,VST3,"Instrument, Synth",http://www.fullbucket.de/music/
Full Bucket Music,BucketOne,10102,VST2,,
Full Bucket Music,Grain Strain,1.1.2,VST3,"Fx, Modulation",http://www.fullbucket.de/music/
Full Bucket Music,GrainStrain,10102,VST2,,
Full Bucket Music,PECS,1.0.4,VST2/VST3,"Instrument, Synth",http://www.fullbucket.de/music/
GForce,M-Tron Pro IV,1.0.2,VST3,"Instrument, Synth",www.gforcesoftware.com
Glitchmachines,Hysteresis,1.4.0,VST3,Fx,
Higher Plane Software,SpaceWalk,1.1.0,VST3,Instrument,
IK Multimedia,AmpliTube 5,5.10.7,VST2/VST3,"Fx, Distortion",www.IKMultimediaProduction.com
IK Multimedia,ARC 3,3.1.0,VST2/VST3,Fx,http://www.ikmultimedia.com
IK Multimedia,Black76,330244,VST2,,
IK Multimedia,BrickwallLimiter,330244,VST2,,
IK Multimedia,BritishChannel,330244,VST2,,
IK Multimedia,BusCompressor,330244,VST2,,
IK Multimedia,ClassicClipper,330244,VST2,,
IK Multimedia,ClassicComp,330244,VST2,,
IK Multimedia,ClassicEQ,330244,VST2,,
IK Multimedia,ClassicLimiter,330244,VST2,,
IK Multimedia,Comprexxor,330244,VST2,,
IK Multimedia,CSRHall,330244,VST2,,
IK Multimedia,CSRInverse,330244,VST2,,
IK Multimedia,CSRPlate,330244,VST2,,
IK Multimedia,CSRRoom,330244,VST2,,
IK Multimedia,DeEsser,330244,VST2,,
IK Multimedia,DynaMu,330244,VST2,,
IK Multimedia,EQ432,330244,VST2,,
IK Multimedia,EQ73,330244,VST2,,
IK Multimedia,EQ81,330244,VST2,,
IK Multimedia,EQPA,330244,VST2,,
IK Multimedia,EQPB,330244,VST2,,
IK Multimedia,EQPG,330244,VST2,,
IK Multimedia,EQual,330244,VST2,,
IK Multimedia,Fame,330244,VST2,,
IK Multimedia,FarmStoneRoom,330244,VST2,,
IK Multimedia,JCVocalStrip,330244,VST2,,
IK Multimedia,Leslie,330244,VST2,,
IK Multimedia,LinearPhaseEQ,330244,VST2,,
IK Multimedia,MasterMatch,330244,VST2,,
IK Multimedia,MBandComp,330244,VST2,,
IK Multimedia,MBandImage,330244,VST2,,
IK Multimedia,MBandLim,330244,VST2,,
IK Multimedia,MicR,330244,VST2,,
IK Multimedia,MODO BASS 2,2.0.5,VST2/VST3,"Instrument, Synth",https://www.ikmultimedia.com
IK Multimedia,MODO DRUM,1.5.0,VST2/VST3,"Instrument, Drum",http://www.ikmultimedia.com
IK Multimedia,One,330244,VST2,,
IK Multimedia,OptoComp,330244,VST2,,
IK Multimedia,PreCL,330244,VST2,,
IK Multimedia,ReSing,1.0.5,VST3,Fx,www.IKMultimedia.com
IK Multimedia,SampleTank 4,4.2.6,VST2/VST3,"Instrument, Synth",www.IKMultimediaProduction.com
IK Multimedia,SatX,330244,VST2,,
IK Multimedia,SpaceDelay,330244,VST2,,
IK Multimedia,StealthLimiter,330244,VST2,,
IK Multimedia,SunsetSound,330244,VST2,,
IK Multimedia,Syntronik 2,2.1.3,VST2/VST3,"Instrument, Synth",https://www.ikmultimedia.com
IK Multimedia,T-RackS 5,330244,VST2,,
IK Multimedia,T-RackS 5 Metering,330244,VST2,,
IK Multimedia,TapeEcho,330244,VST2,,
IK Multimedia,TapeMachine24,330244,VST2,,
IK Multimedia,TapeMachine440,330244,VST2,,
IK Multimedia,TapeMachine80,330244,VST2,,
IK Multimedia,TapeMachine99,330244,VST2,,
IK Multimedia,Tascam388,330244,VST2,,
IK Multimedia,TascamPortaOne,330244,VST2,,
IK Multimedia,TeacA3340S,330244,VST2,,
IK Multimedia,TeacA6100MKII,330244,VST2,,
IK Multimedia,TONEX,1.12.0,VST3,"Fx, Distortion",www.IKMultimedia.com
IK Multimedia,TR5 Black 76,5.10.4,VST3,"Fx, Dynamics",http://www.ikmultimedia.com
IK Multimedia,TR5 Brickwall Limiter,5.10.4,VST3,"Fx, Dynamics",http://www.ikmultimedia.com
IK Multimedia,TR5 British Channel,5.10.4,VST3,"Fx, EQ, Dynamics",http://www.ikmultimedia.com
IK Multimedia,TR5 Bus Compressor,5.10.4,VST3,"Fx, Dynamics",http://www.ikmultimedia.com
IK Multimedia,TR5 Classic Clipper,5.10.4,VST3,"Fx, Dynamics, Distortion",http://www.ikmultimedia.com
IK Multimedia,TR5 Classic Comp,5.10.4,VST3,"Fx, Dynamics",http://www.ikmultimedia.com
IK Multimedia,TR5 Classic EQ,5.10.4,VST3,"Fx, EQ",http://www.ikmultimedia.com
IK Multimedia,TR5 Classic Multi Band Limiter,5.10.4,VST3,"Fx, Dynamics",http://www.ikmultimedia.com
IK Multimedia,TR5 Comprexxor,5.10.4,VST3,"Fx, Dynamics",http://www.ikmultimedia.com
IK Multimedia,TR5 CSR Hall,5.10.4,VST3,"Fx, Reverb",http://www.ikmultimedia.com
IK Multimedia,TR5 CSR Inverse,5.10.4,VST3,"Fx, Reverb",http://www.ikmultimedia.com
IK Multimedia,TR5 CSR Plate,5.10.4,VST3,"Fx, Reverb",http://www.ikmultimedia.com
IK Multimedia,TR5 CSR Room,5.10.4,VST3,"Fx, Reverb",http://www.ikmultimedia.com
IK Multimedia,TR5 De Esser,5.10.4,VST3,"Fx, Dynamics",http://www.ikmultimedia.com
IK Multimedia,TR5 Dyna-Mu,5.10.4,VST3,"Fx, Dynamics, Distortion",http://www.ikmultimedia.com
IK Multimedia,TR5 EQ-73,5.10.4,VST3,"Fx, EQ",http://www.ikmultimedia.com
IK Multimedia,TR5 EQ-81,5.10.4,VST3,"Fx, EQ",http://www.ikmultimedia.com
IK Multimedia,TR5 EQ-PA,5.10.4,VST3,"Fx, EQ",http://www.ikmultimedia.com
IK Multimedia,TR5 EQ-PB,5.10.4,VST3,"Fx, EQ",http://www.ikmultimedia.com
IK Multimedia,TR5 EQ-PG,5.10.4,VST3,"Fx, EQ",http://www.ikmultimedia.com
IK Multimedia,TR5 EQP-1A,5.10.4,VST3,"Fx, EQ",http://www.ikmultimedia.com
IK Multimedia,TR5 EQual,5.10.4,VST3,"Fx, EQ",http://www.ikmultimedia.com
IK Multimedia,TR5 Fame Studio Reverb,5.10.4,VST3,"Fx, Reverb",http://www.ikmultimedia.com
IK Multimedia,TR5 Joe Chiccarelli Vocal Strip,5.10.4,VST3,"Fx, Dynamics",http://www.ikmultimedia.com
IK Multimedia,TR5 Leslie,5.10.4,VST3,Fx,http://www.ikmultimedia.com
IK Multimedia,TR5 Linear Phase EQ,5.10.4,VST3,"Fx, EQ",http://www.ikmultimedia.com
IK Multimedia,TR5 Master EQ-432,5.10.4,VST3,"Fx, EQ",http://www.ikmultimedia.com
IK Multimedia,TR5 Master Match,5.10.4,VST3,"Fx, EQ",http://www.ikmultimedia.com
IK Multimedia,TR5 Metering,5.10.4,VST3,Fx,http://www.ikmultimedia.com
IK Multimedia,TR5 Mic Room,5.10.4,VST3,Fx,http://www.ikmultimedia.com
IK Multimedia,TR5 One,5.10.4,VST3,Fx,http://www.ikmultimedia.com
IK Multimedia,TR5 Opto Comp,5.10.4,VST3,"Fx, Dynamics",http://www.ikmultimedia.com
IK Multimedia,TR5 Precision Comp-Limiter,5.10.4,VST3,"Fx, Dynamics",http://www.ikmultimedia.com
IK Multimedia,TR5 Quad Compressor,5.10.4,VST3,"Fx, Dynamics",http://www.ikmultimedia.com
IK Multimedia,TR5 Quad Image,5.10.4,VST3,"Fx, Spatial",http://www.ikmultimedia.com
IK Multimedia,TR5 Quad Limiter,5.10.4,VST3,"Fx, Dynamics",http://www.ikmultimedia.com
IK Multimedia,TR5 Saturator X,5.10.4,VST3,"Fx, Dynamics, Distortion",http://www.ikmultimedia.com
IK Multimedia,TR5 Space Delay,5.10.4,VST3,"Fx, Delay",http://www.ikmultimedia.com
IK Multimedia,TR5 Stealth Limiter,5.10.4,VST3,"Fx, Dynamics",http://www.ikmultimedia.com
IK Multimedia,TR5 Suite,5.10.4,VST3,Fx,http://www.ikmultimedia.com
IK Multimedia,TR5 Sunset Sound Studio Reverb,5.10.4,VST3,"Fx, Reverb",http://www.ikmultimedia.com
IK Multimedia,TR5 Tape Echo,5.10.4,VST3,"Fx, Delay",http://www.ikmultimedia.com
IK Multimedia,TR5 Tape Machine 24,5.10.4,VST3,"Fx, Distortion",http://www.ikmultimedia.com
IK Multimedia,TR5 Tape Machine 440,5.10.4,VST3,"Fx, Distortion",http://www.ikmultimedia.com
IK Multimedia,TR5 Tape Machine 80,5.10.4,VST3,"Fx, Distortion",http://www.ikmultimedia.com
IK Multimedia,TR5 Tape Machine 99,5.10.4,VST3,"Fx, Distortion",http://www.ikmultimedia.com
IK Multimedia,TR5 TASCAM 388,5.10.4,VST3,"Fx, Distortion",http://www.ikmultimedia.com
IK Multimedia,TR5 TASCAM PORTA ONE,5.10.4,VST3,"Fx, Distortion",http://www.ikmultimedia.com
IK Multimedia,TR5 TEAC A-3340S,5.10.4,VST3,"Fx, Distortion",http://www.ikmultimedia.com
IK Multimedia,TR5 TEAC A-6100 MKII,5.10.4,VST3,"Fx, Distortion",http://www.ikmultimedia.com
IK Multimedia,TR5 The Farm Stone Room,5.10.4,VST3,"Fx, Reverb",http://www.ikmultimedia.com
IK Multimedia,TR5 VC-670,5.10.4,VST3,"Fx, Dynamics",http://www.ikmultimedia.com
IK Multimedia,TR5 White 2A,5.10.4,VST3,"Fx, Dynamics",http://www.ikmultimedia.com
IK Multimedia,TR5 White Channel,5.10.4,VST3,"Fx, EQ, Dynamics",http://www.ikmultimedia.com
IK Multimedia,VC670,330244,VST2,,
IK Multimedia,VintageProgramEQ1A,330244,VST2,,
IK Multimedia,White2A,330244,VST2,,
IK Multimedia,WhiteChannel,330244,VST2,,
iZotope,Insight 2,2.6.0,VST3,"Fx, Analyzer",http://www.izotope.com
iZotope,Neutron 4 Elements,4.6.0,VST3,"Fx, EQ",http://www.izotope.com
iZotope,Ozone 11 Elements,11.3.0,VST3,"Fx, Mastering",http://www.izotope.com
iZotope,Ozone 11 Equalizer,11.3.0,VST3,"Fx, EQ",http://www.izotope.com
iZotope,Ozone Imager 2,2.3.0,VST3,"Fx, Spatial",http://www.izotope.com
iZotope,Relay,1.7.0,VST3,"Fx, Spatial",http://www.izotope.com
iZotope,Tonal Balance Control 2,2.10.0,VST3,"Fx, EQ",http://www.izotope.com
iZotope,Trash,1.3.0,VST3,"Fx, Distortion",http://www.izotope.com
iZotope,Vinyl,1.13.0,VST3,"Fx, Distortion",http://www.izotope.com
iZotope,Vocal Doubler,1.4.0,VST3,"Fx, Modulation, Vocals",http://www.izotope.com
JMGSound,Lofinity,1.0,VST2/VST3,Fx,www.unitedplugins.com
Justin Sheriff,De-Space,1.0.0,VST3,Fx,
Karanyi Sounds,Breeze Black Edition,1.0.0,VST3,Fx,https://karanyisounds.com/
Karanyi Sounds,Matra,1.0.0,VST3,Fx,http://karanyisounds.com
Klanghelm,DC1A3,3.5.0,VST2/VST3,"Fx, Dynamics",www.klanghelm.com
Klevgrand,Degrader,1.0.5,VST2/VST3,Fx,https://www.klevgrand.se
Klevgrand,R0Verb,1.0.4,VST2/VST3,Fx,https://www.klevgrand.se
LANDR,LANDR FX Bass,1.0.2.18,VST3,Fx,https://audified.com/
LANDR,LANDR FX Beats,1.0.2.18,VST3,Fx,https://audified.com/
LANDR,LANDR FX Electric,1.0.2.18,VST3,Fx,https://audified.com/
LANDR,LANDR FX Voice,1.0.2.18,VST3,Fx,https://audified.com/
Lese,Codec,2.0.0,VST3,"Fx, Distortion, Tools",https://lese.io
Lese,Sweep,1.3.5,VST3,"Fx, Filter",https://lese.io
Lunacy Audio,BEAM Filter,2.0.24,VST3,Fx,https://www.lunacy.audio
Lunacy Audio,BEAM Haze,2.0.24,VST3,Fx,https://www.lunacy.audio
Minuit,Solstice,1.0.1,VST3,"Instrument, Synth",
Mixed In Key,Captain Beat Epic,8.0.0.10287,VST2/VST3,Instrument,https://www.mixedinkey.com
Mixed In Key,Captain Chords Epic,8.0.0.10287,VST2/VST3,Instrument,https://www.mixedinkey.com
Mixed In Key,Captain Deep Epic,8.0.0.10287,VST2/VST3,Instrument,https://www.mixedinkey.com
Mixed In Key,Captain Melody Epic,8.0.0.10287,VST2/VST3,Instrument,https://www.mixedinkey.com
Mixed In Key,Captain Play Epic,8.0.0.10287,VST2/VST3,Instrument,https://www.mixedinkey.com
Mixed In Key LLC,Captain Beat,1,VST2,,
Mixed In Key LLC,Captain Chords,1,VST2,,
Mixed In Key LLC,Captain Deep,1,VST2,,
Mixed In Key LLC,Captain Melody,1,VST2,,
Mixed In Key LLC,Captain Play,1,VST2,,
Moog,Mariana,1.2.0,VST3,"Instrument, Synth",www.moogmusic.com
Moonwave,Parallax,1.5.1,VST3,Fx,https://moonwavefx.com
MSXII Sound Design,Fly Tape II,1.0.0.27,VST2/VST3,Fx,www.msxaudio.com
Native Instruments,Absynth 6,6.0.1,VST3,"Instrument, Synth",https://www.native-instruments.com
Native Instruments,Absynth 6 FX,6.0.1,VST3,Fx,https://www.native-instruments.com
Native Instruments,Battery 4,4.3,VST3,Instrument,https://www.native-instruments.com
Native Instruments,Bite,1.3.7 (R34),VST3,"Fx, Distortion",http://www.native-instruments.com
Native Instruments,Dirt,1.3.7 (R34),VST3,"Fx, Distortion",http://www.native-instruments.com
Native Instruments,Freak,1.3.7 (R34),VST3,"Fx, Modulation",http://www.native-instruments.com
Native Instruments,Guitar Rig 7,7.0.2 (R0),VST3,Fx,http://www.native-instruments.com
Native Instruments,Kontakt,6.8.0,VST3,Instrument,http://www.native-instruments.com
Native Instruments,Kontakt 7,7.10.9,VST3,Instrument,http://www.native-instruments.com
Native Instruments,Kontakt 8,8.10.2,VST3,Instrument,http://www.native-instruments.com
Native Instruments,Massive X,1.7.1 (R0),VST3,"Instrument, Synth",http://www.native-instruments.com
Native Instruments,Raum,1.3.7 (R34),VST3,"Fx, Reverb",http://www.native-instruments.com
Native Instruments,Reaktor 6,6.5.0,VST3,Instrument,http://www.native-instruments.com
Native Instruments,Reaktor 6 FX,6.5.0,VST3,Fx,http://www.native-instruments.com
Native Instruments,Replika,1.6.7 (R34),VST3,"Fx, Delay",http://www.native-instruments.com
Native Instruments,Supercharger,1.4.11 (R34),VST3,"Fx, Dynamics",http://www.native-instruments.com
Native Instruments,Supercharger GT,1.4.11 (R34),VST3,"Fx, Dynamics",http://www.native-instruments.com
Native Instruments,Transient Master,1.4.11 (R34),VST3,"Fx, Dynamics",http://www.native-instruments.com
Neutone,Neutone FX,1.5.1,VST3,Fx,
Neutone,Neutone Morpho,1.1.0,VST3,Fx,
Overloud,Gem ECHOSON,1.0.5,VST2/VST3,"Fx, Delay",www.overloud.com
Phase Fiasco,Annulus,0.1.0,VST3,"Instrument, Synth",
Phase Fiasco,Tape Fiasco,1.2.2,VST3,Fx,
Puremagnetik,Driftmaker,2.8.73,VST2/VST3,Fx,
Puremagnetik,Expanse,2.8.73,VST2/VST3,"Instrument, Instrument, Synth",
Puremagnetik,Klamur,2.9.45,VST2/VST3,Fx,
Puremagnetik,MimikOD,2.8.128,VST2/VST3,Fx,
Puremagnetik,Partikl,2.8.128,VST2/VST3,Fx,
Puremagnetik,Pastfabric2,2.9.45,VST2/VST3,Fx,
Puremagnetik,Permute,2.9.45,VST2/VST3,Fx,
Puremagnetik,Replicas,2.8.128,VST2/VST3,Fx,
Puremagnetik,Swarm,2.8.128,VST2/VST3,"Instrument, Instrument, Synth",
Puremagnetik,Verv,2.8.155,VST2/VST3,"Instrument, Instrument, Synth",
Puremagnetik,Zerone,2.8.128,VST2/VST3,Fx,
Session Loops,PitchNet,1.0.0,VST3,Fx,https://sessionloops.com
Sinevibes,Skew v2,2.0.1,VST3,"Fx, Delay",https://www.sinevibes.com
Sonnox,Soften,1.00.0[6004],VST3,"Fx, Dynamics",https://www.sonnox.com
Sound Particles,AirMusic,1.0.2,VST3,"Fx, EQ, Filter",https://www.soundparticles.com
SoundeviceDigital,Randomachine,1.0,VST2/VST3,Fx,www.unitedplugins.com
SoundGhost,Ekko Demo,1.0.1,VST3,Fx,https://soundghost.net/
SoundGhost,Texturize,1.0.0,VST3,Fx,https://soundghost.net/
SoundMorph,Dust,1.2.7,VST3,"Instrument, Synth",www.soundmorph.com
SoundMorph,Dust (fx),1.2.7,VST3,Fx,www.soundmorph.com
SoundMorph,WaveWarper 2,1.1.0,VST3,"Instrument, Synth",www.soundmorph.com
Soundtoys,Devil-Loc,5.5.4.18982,VST3,"Fx, Dynamics, Distortion",http://www.soundtoys.com
Soundtoys,DevilLoc,1,VST2,,
Soundtoys,EchoBoy Jr,5.5.4.18982,VST3,"Fx, Delay",http://www.soundtoys.com
Soundtoys,EchoBoyJr,1,VST2,,
Soundtoys,Little MicroShift,5.5.4.18982,VST3,"Fx, Pitch Shift, Spatial",http://www.soundtoys.com
Soundtoys,Little Plate,5.5.4.18982,VST3,"Fx, Reverb",http://www.soundtoys.com
Soundtoys,Little PrimalTap,5.5.4.18982,VST3,"Delay, Pitch Shift, Fx",http://www.soundtoys.com
Soundtoys,Little Radiator,5.3.8.16762,VST3,"Fx, Distortion",http://www.soundtoys.com
Soundtoys,LittleMicroShift,1,VST2,,
Soundtoys,LittlePlate,1,VST2,,
Soundtoys,LittlePrimalTap,1,VST2,,
Soundtoys,LittleRadiator,1,VST2,,
Soundtoys,PhaseMistress,5.4.3.17500,VST2/VST3,"Fx, Modulation",http://www.soundtoys.com
Soundtoys,SpaceBlender,5.5.4.18982,VST2/VST3,"Fx, Reverb",http://www.soundtoys.com
Spitfire Audio,BBC Symphony Orchestra,1.7.0,VST2/VST3,"Instrument, Synth",
Spitfire Audio,LABS,3.7.8,VST2/VST3,"Instrument, Synth",
Spitfire Audio,Solar,1.6.12,VST2/VST3,"Instrument, Synth",
Splice,Splice Bridge,5.1.1,VST3,Instrument,https://splice.com
Splice,Splice INSTRUMENT,2.3.5,VST3,"Instrument, Synth",https://splice.com
Splice,Splice Sounds,0.3.5,VST3,Instrument,https://splice.com
Splice,Splice Sounds Listener,0.0.1,VST3,"Fx, Analyzer",https://splice.com
Superlunar,GX-8600,1.0.0,VST3,Fx,
Synful,SynfulOrchestra,2.7.1,VST2/VST3,"Instrument, Synth",http://www.synful.com
Ternar Music Technology,ChannelStrip,2.0.3,VST3,Fx,https://www.ternar.tech
Ternar Music Technology,Flechtwerk,2.1.0,VST3,Instrument,https://www.ternar.tech
UJAM,FIN-RETRO,1.3.0,VST3,Fx,https://www.ujam.com
Unfiltered Audio,BattleFX,1.0.0,VST3,Fx,
Universal Audio (UADx),UADx 1176 FET Compressor,1.0.3,VST3,"Fx, Dynamics",
Universal Audio (UADx),UADx 610-A Preamp and EQ,1.0.15,VST3,"Fx, EQ",
Universal Audio (UADx),UADx 610-B Preamp and EQ,1.0.15,VST3,"Fx, EQ",
Universal Audio (UADx),UADx Century Tube Channel Strip,1.0.16,VST3,"Fx, Channel Strip, EQ, Dynamics",
Universal Audio (UADx),UADx Galaxy Tape Echo,1.3.16,VST3,"Fx, Delay",
Universal Audio (UADx),UADx Oxide Tape Recorder,1.0.17,VST3,"Fx, Distortion",
Universal Audio (UADx),UADx PolyMAX Synth,1.0.16,VST3,"Instrument, Synth",
Universal Audio (UADx),UADx Pure Plate Reverb,1.4.16,VST3,"Fx, Reverb",
Universal Audio (UADx),UADx Showtime 64 Tube Amp,1.0.1,VST3,"Fx, Guitar",
Universal Audio (UADx),UADx Verve Analog Machines,1.0.5,VST3,"Fx, Distortion",
Universal Audio (UADx),UADx Vibe Analog Machines Essentials,1.1.0,VST3,"Fx, Distortion",
UVI,Tape Chorus,1.0.1,VST3,"Fx, Modulation",www.uvi.net
UVI,Tape Color,1.0.1,VST3,"Fx, Modulation",www.uvi.net
UVI,Tape Delay,1.0.1,VST3,"Fx, Delay",www.uvi.net
UVI,Tape Flanger,1.0.1,VST3,"Fx, Modulation",www.uvi.net
UVI,UVI Tape Chorus,65537,VST2,,
UVI,UVI Tape Color,65537,VST2,,
UVI,UVI Tape Delay,65537,VST2,,
UVI,UVI Tape Flanger,65537,VST2,,
UVI,UVIWorkstation,4.0.2,VST3,"Instrument, Sampler, Synth",www.uvi.net
UVI,UVIWorkstationVST,262146,VST2,,
"Valhalla DSP, LLC",ValhallaFreqEcho,1.2.8,VST2/VST3,"Fx, Delay",www.valhalladsp.com
"Valhalla DSP, LLC",ValhallaSpaceModulator,1.2.8,VST2/VST3,"Fx, Modulation",
"Valhalla DSP, LLC",ValhallaSupermassive,5.0.0,VST2/VST3,Fx,www.valhalladsp.com
Wave Alchemy,Triaz Player,1.1.1,VST3,"Instrument, Drum",https://www.wavealchemy.co.uk/
Waves,Curves Resolve Live Mono,16.7.76.232,VST3,"Fx, Dynamics",http://www.waves.com
Waves,Curves Resolve Live Stereo,16.7.76.232,VST3,"Fx, Dynamics",http://www.waves.com
Waves,Curves Resolve Mono,16.7.76.232,VST3,"Fx, Dynamics",http://www.waves.com
Waves,Curves Resolve Stereo,16.7.76.232,VST3,"Fx, Dynamics",http://www.waves.com
Waves,IDX Intelligent Dynamics Mono,15.5.79.262,VST3,"Fx, Dynamics - Multiband",http://www.waves.com
Waves,IDX Intelligent Dynamics Stereo,15.5.79.262,VST3,"Fx, Dynamics - Multiband",http://www.waves.com
Waves,IDX LIVE Intelligent Dynamics Mono,15.5.79.262,VST3,"Fx, Dynamics - Multiband",http://www.waves.com
Waves,IDX LIVE Intelligent Dynamics Stereo,15.5.79.262,VST3,"Fx, Dynamics - Multiband",http://www.waves.com
Waves,Magma StressBox Mono,16.6.53.160,VST3,"Fx, Dynamics",http://www.waves.com
Waves,Magma StressBox Stereo,16.6.53.160,VST3,"Fx, Dynamics",http://www.waves.com
Waves,Waves Harmony Mono/Stereo,16.7.33.189,VST3,"Fx, Pitch Shift",http://www.waves.com
Waves,Waves Harmony Stereo,16.7.33.189,VST3,"Fx, Pitch Shift",http://www.waves.com
Wildergarden,Maim,1.0.0,VST3,Fx,
Xynth Audio,LePhonk,1.0.4,VST3,"Fx, Distortion, Dynamics",
ZL,ZL Equalizer 2,1.1.0,VST3,"Fx, EQ",
